Annual Distance (miles/vehicle),2020.0
LDVs,12774.743739535
HDVs,19850.884352549
aircraft,149991.301961916
rail,0.0
ships,233.449537064
motorbikes,2518.607634405
