Annual Distance (miles/vehicle),2020.0
LDVs,11514.984321276
HDVs,40215.891792225
aircraft,1811381.325647006
rail,22247.453241158
ships,0.0
motorbikes,0.0
