Annual Distance (miles/vehicle),2020.0
LDVs,12853.096886882
HDVs,11160.622156156
aircraft,1479423.380958178
rail,0.0
ships,219.633647147
motorbikes,2185.015149448
