Annual Distance (miles/vehicle),2020.0
LDVs,11213.769458695
HDVs,41007.175345662
aircraft,1155226.893457766
rail,21878.31853967
ships,0.0
motorbikes,0.0
