Annual Distance (miles/vehicle),2020.0
LDVs,11529.278425818
HDVs,39801.737187449
aircraft,145783.139214272
rail,22018.0582378
ships,0.0
motorbikes,0.0
