Annual Distance (miles/vehicle),2020.0
LDVs,12759.468698557
HDVs,20057.395203
aircraft,1863668.831397578
rail,0.0
ships,233.377339704
motorbikes,2515.009374377
