Unit: dimensionless (ratio of electricity demand in this hour to annual demand),Hour0,Hour1,Hour2,Hour3,Hour4,Hour5,Hour6,Hour7,Hour8,Hour9,Hour10,Hour11,Hour12,Hour13,Hour14,Hour15,Hour16,Hour17,Hour18,Hour19,Hour20,Hour21,Hour22,Hour23
Winter,0,0,0,0,0.0,0.0,0.0016666666666666668,0.10416666666666662,0.29583333333333334,0.38166666666666654,0.39249999999999996,0.3941666666666666,0.41833333333333333,0.43000000000000005,0.4166666666666666,0.23166666666666674,0.04416666666666666,0.0,0.0,0,0,0,0,0
Spring,0,0,0,0,0.006521739130434782,0.10869565217391304,0.32282608695652176,0.5336956521739128,0.6521739130434782,0.6565217391304344,0.6565217391304344,0.6608695652173909,0.6673913043478256,0.6684782608695649,0.6543478260869563,0.6163043478260869,0.44891304347826083,0.20108695652173916,0.022826086956521746,0,0,0,0,0
Summer,0,0,0,0,0.02717391304347827,0.20978260869565232,0.4695652173913045,0.6304347826086957,0.7347826086956516,0.7695652173913033,0.765217391304347,0.7576086956521734,0.7565217391304341,0.7434782608695645,0.729347826086956,0.7065217391304344,0.621739130434783,0.3913043478260871,0.1217391304347825,0,0,0,0,0
Fall,0,0,0,0,0.0,0.021311475409836068,0.21147540983606558,0.5049180327868853,0.6114754098360659,0.6245901639344267,0.6098360655737707,0.5885245901639344,0.6000000000000001,0.6196721311475413,0.6016393442622953,0.5114754098360655,0.24754098360655746,0.03934426229508198,0.0,0,0,0,0,0
Summer Peak,0,0,0,0,0.0,0.0,0.1,0.5,0.7,0.7,0.8,0.8,0.7,0.6,0.5,0.5,0.4,0.1,0.0,0,0,0,0,0
Winter Peak,0,0,0,0,0.0,0.0,0.0,0.1,0.2,0.2,0.3,0.1,0.3,0.1,0.3,0.0,0.0,0.0,0.0,0,0,0,0,0
