Unit: dimensionless (ratio of electricity demand in this hour to annual demand),Hour0,Hour1,Hour2,Hour3,Hour4,Hour5,Hour6,Hour7,Hour8,Hour9,Hour10,Hour11,Hour12,Hour13,Hour14,Hour15,Hour16,Hour17,Hour18,Hour19,Hour20,Hour21,Hour22,Hour23
Winter,0.0,0.0,0.0,0.0,0.0,0.0,0.0,0.0,0.0,0.0,0.0,0.0,0.0,0.0,0.0,0.0,0.0,0.0,0.0,0.0,0.0,0.0,0.0,0.0
Spring,0.11298093760944626,0.11298093760944626,0.11298093760944626,0.11298093760944626,0.11298093760944626,0.11298093760944626,0.11298093760944626,0.11298093760944626,0.11298093760944626,0.11298093760944626,0.11576624806123993,0.12297193175564132,0.1353394706559265,0.13796317606444206,0.13796317606444206,0.15295442037324283,0.21833791964777127,0.3191319357582432,0.26446190023515315,0.26446190023515315,0.20030469805373516,0.11298093760944626,0.11298093760944626,0.11298093760944626
Summer,0.08732376044428888,0.08732376044428888,0.08732376044428888,0.08732376044428888,0.08732376044428888,0.08732376044428888,0.08732376044428888,0.08732376044428888,0.08732376044428888,0.12729724320808541,0.2597753539800873,0.45375844298794266,0.6213238605093316,0.7569199979987,0.8641496973032486,0.8825441536999064,0.95,0.95,0.8680852554160217,0.6699764847150654,0.3019067393805977,0.08732376044428888,0.08732376044428888,0.08732376044428888
Fall,0.0,0.0,0.0,0.0,0.0,0.0,0.0,0.0,0.0,0.0,0.0,0.0,0.0,0.0,0.022609745514912585,0.04521949102982517,0.060287875643758676,0.04521949102982517,0.04521949102982517,0.0,0.0,0.0,0.0,0.0
Summer Peak,0.0,0.0,0.0,0.0,0.0,0.0,0.0,0.0,0.0,0.0,0.0,0.0,0.0,0.0,0.0,0.0,0.0,0.0,0.0,0.0,0.0,0.0,0.0,0.0
Winter Peak,0.0,0.0,0.0,0.0,0.0,0.0,0.0,0.0,0.0,0.0,0.0,0.0,0.0,0.0,0.0,0.0,0.0,0.0,0.0,0.0,0.0,0.0,0.0,0.0
