solar pv,Hour0,Hour1,Hour2,Hour3,Hour4,Hour5,Hour6,Hour7,Hour8,Hour9,Hour10,Hour11,Hour12,Hour13,Hour14,Hour15,Hour16,Hour17,Hour18,Hour19,Hour20,Hour21,Hour22,Hour23
Winter,0,0,0,0,0.0,0.0,0.0017391304347826088,0.10434782608695649,0.2947826086956522,0.38086956521739124,0.391304347826087,0.3947826086956521,0.4173913043478262,0.43391304347826093,0.4165217391304348,0.2347826086956522,0.04521739130434782,0.0,0.0,0,0,0,0,0
Spring,0,0,0,0,0.006521739130434782,0.10869565217391304,0.32282608695652176,0.5336956521739128,0.6521739130434782,0.6565217391304344,0.6565217391304344,0.6608695652173909,0.6673913043478256,0.6684782608695649,0.6543478260869563,0.6163043478260869,0.44891304347826083,0.20108695652173916,0.022826086956521746,0,0,0,0,0
Summer,0,0,0,0,0.027586206896551734,0.21264367816091967,0.4747126436781611,0.6275862068965516,0.7298850574712638,0.7655172413793094,0.7609195402298841,0.7528735632183902,0.7540229885057464,0.7402298850574706,0.7287356321839076,0.7080459770114939,0.6206896551724143,0.39310344827586224,0.12298850574712634,0,0,0,0,0
Fall,0,0,0,0,0.0,0.021311475409836068,0.21147540983606558,0.5049180327868853,0.6114754098360659,0.6245901639344267,0.6098360655737707,0.5885245901639344,0.6000000000000001,0.6196721311475413,0.6016393442622953,0.5114754098360655,0.24754098360655746,0.03934426229508198,0.0,0,0,0,0,0
Summer Peak,0,0,0,0,0.0,0.0,0.1,0.5,0.7,0.7,0.8,0.8,0.7,0.6,0.5,0.5,0.4,0.1,0.0,0,0,0,0,0
Winter Peak,0,0,0,0,0.0,0.0,0.0,0.1,0.2,0.2,0.3,0.1,0.3,0.1,0.3,0.0,0.0,0.0,0.0,0,0,0,0,0
