solar pv dist,Hour0,Hour1,Hour2,Hour3,Hour4,Hour5,Hour6,Hour7,Hour8,Hour9,Hour10,Hour11,Hour12,Hour13,Hour14,Hour15,Hour16,Hour17,Hour18,Hour19,Hour20,Hour21,Hour22,Hour23
Winter,0,0,0,0,0.0,0.0,0.0017905722906464852,0.059355987535242634,0.19231339961418614,0.26711183657318094,0.2831082752139288,0.2796062719493496,0.28918237127170204,0.42001286046396585,0.4738982044813771,0.29228866795271297,0.07249344610970967,0.013740911114408666,0.0,0.0,0,0,0,0
Spring,0,0,0,0,0.000593559875352426,0.00901469060691497,0.1586288766879359,0.33657318098629885,0.4207473908097147,0.43754018894989355,0.4438962259484592,0.4407182074491764,0.4370455557204332,0.521825691249938,0.5421180194885494,0.5093856655290101,0.38993174061433444,0.21866498491368655,0.05469406934757875,0.0010634614433397635,0,0,0,0
Summer,0,0,0,0,0.001503798726347861,0.01574411883932892,0.2260144103147517,0.3826579315575433,0.44261373295149903,0.46144390830750726,0.46602068703987043,0.4579394034495836,0.4594301256652675,0.529350228185111,0.5378107305846508,0.5296771409517084,0.459979339113151,0.27936657382344093,0.10420671348057489,0.005309063329541148,0,0,0,0
Fall,0,0,0,0,0.0,0.0,0.10225852776068184,0.31026315298681434,0.39590443686006804,0.40886626009436955,0.401536768682743,0.3893582498741117,0.3971726440254387,0.4871221022398778,0.5123929950204218,0.4393778324847534,0.22669203080997397,0.07665193308342194,0.0069005389880452805,0.0,0,0,0,0
Summer Peak,0,0,0,0,0.0,0.0,0.05005688282138794,0.3390216154721274,0.39817974971558584,0.4300341296928327,0.4448236632536974,0.41638225255972694,0.4209328782707622,0.4550625711035267,0.43117178612059154,0.4050056882821388,0.28668941979522183,0.12286689419795221,0.007963594994311717,0.0,0,0,0,0
Winter Peak,0,0,0,0,0.0,0.0,0.0,0.032992036405005684,0.13310580204778155,0.18543799772468714,0.2184300341296928,0.15130830489192265,0.23549488054607506,0.16837315130830488,0.33447098976109213,0.10352673492605233,0.0011376564277588168,0.0,0.0,0.0,0,0,0,0
