solar pv,Hour0,Hour1,Hour2,Hour3,Hour4,Hour5,Hour6,Hour7,Hour8,Hour9,Hour10,Hour11,Hour12,Hour13,Hour14,Hour15,Hour16,Hour17,Hour18,Hour19,Hour20,Hour21,Hour22,Hour23
Winter,0,0,0,0,0.0,0.0,0.0016346343757826641,0.09807806254695982,0.2770705266951616,0.3579849282964034,0.36779273455109945,0.3710620033026647,0.3923122501878395,0.40784127675777476,0.39149493299994803,0.22067564073065968,0.042500493770349264,0.0,0.0,0,0,0,0,0
Spring,0,0,0,0,0.00612987890918499,0.1021646484864165,0.30342900600465705,0.5016284240683049,0.6129878909184989,0.6170744768579554,0.6170744768579554,0.621161062797412,0.6272909417065968,0.6283125881914612,0.6150311838882272,0.5792735569179815,0.42193999824890016,0.18900459969987057,0.021454576182147474,0,0,0,0,0
Summer,0,0,0,0,0.025928683202069855,0.19986693301595518,0.44618942343561874,0.5898775428470889,0.686029743054764,0.7195209588574374,0.7151995116570923,0.7076369790564889,0.7087173408565751,0.6957529992555401,0.684949381254678,0.6655028688531256,0.583395372046572,0.36948373562949544,0.11559871260922797,0,0,0,0,0
Fall,0,0,0,0,0.0,0.020030970424549863,0.1987688603666871,0.47457991467395055,0.5747347667967001,0.5870615178271925,0.5731939229178885,0.5531629524933385,0.5639488596450192,0.5824389861907577,0.5654897035238309,0.4807432901891966,0.23266742570054075,0.03698025309147667,0.0,0,0,0,0,0
Summer Peak,0,0,0,0,0.0,0.0,0.09399147660750319,0.46995738303751594,0.6579403362525222,0.6579403362525222,0.7519318128600255,0.7519318128600255,0.6579403362525222,0.5639488596450191,0.46995738303751594,0.46995738303751594,0.37596590643001276,0.09399147660750319,0.0,0,0,0,0,0
Winter Peak,0,0,0,0,0.0,0.0,0.0,0.09399147660750319,0.18798295321500638,0.18798295321500638,0.28197442982250953,0.09399147660750319,0.28197442982250953,0.09399147660750319,0.28197442982250953,0.0,0.0,0.0,0.0,0,0,0,0,0
