Unit: dimensionless (ratio of electricity demand in this hour to annual demand),Hour0,Hour1,Hour2,Hour3,Hour4,Hour5,Hour6,Hour7,Hour8,Hour9,Hour10,Hour11,Hour12,Hour13,Hour14,Hour15,Hour16,Hour17,Hour18,Hour19,Hour20,Hour21,Hour22,Hour23
Winter,0,0,0,0,0.0,0.0,0.0017159651118695484,0.058598786499810415,0.19277588168373155,0.2671596511186955,0.2839211224876753,0.2791714069017824,0.28942927569207433,0.4169036784224497,0.47280053090633306,0.28849070913917324,0.07043989381873343,0.013168373151308303,0.0,0.0,0,0,0,0
Spring,0,0,0,0,0.000593559875352426,0.00901469060691497,0.1586288766879359,0.33657318098629885,0.4207473908097147,0.43754018894989355,0.4438962259484592,0.4407182074491764,0.4370455557204332,0.521825691249938,0.5421180194885494,0.5093856655290101,0.38993174061433444,0.21866498491368655,0.05469406934757875,0.0010634614433397635,0,0,0,0
Summer,0,0,0,0,0.0014715338576445562,0.015482020082109122,0.22351239056239802,0.384206360983331,0.44487312657664324,0.4646213582628481,0.4686402532522136,0.4597739526141367,0.46113419399515254,0.5320645990997676,0.5387050502052728,0.5283424840480782,0.46051590245832696,0.2800860661819261,0.10350200326457938,0.005292575555225802,0,0,0,0
Fall,0,0,0,0,0.0,0.0,0.10225852776068184,0.31026315298681434,0.39590443686006804,0.40886626009436955,0.401536768682743,0.3893582498741117,0.3971726440254387,0.4871221022398778,0.5123929950204218,0.4393778324847534,0.22669203080997397,0.07665193308342194,0.0069005389880452805,0.0,0,0,0,0
Summer Peak,0,0,0,0,0.0,0.0,0.05005688282138794,0.3390216154721274,0.39817974971558584,0.4300341296928327,0.4448236632536974,0.41638225255972694,0.4209328782707622,0.4550625711035267,0.43117178612059154,0.4050056882821388,0.28668941979522183,0.12286689419795221,0.007963594994311717,0.0,0,0,0,0
Winter Peak,0,0,0,0,0.0,0.0,0.0,0.032992036405005684,0.13310580204778155,0.18543799772468714,0.2184300341296928,0.15130830489192265,0.23549488054607506,0.16837315130830488,0.33447098976109213,0.10352673492605233,0.0011376564277588168,0.0,0.0,0.0,0,0,0,0
